id,class_id,logp
20110112_085632_25-a.sph,ara-arq,0.9999215882183581
20110112_085632_25-b.sph,ara-arq,0.9933264028811798
20110112_093821_26-a.sph,ara-arq,0.9982419072530201
20110112_093821_26-b.sph,ara-arq,0.9877989962861538
20110112_100739_27-a.sph,ara-arq,0.9998601825318931
20110112_100739_27-b.sph,ara-arq,0.9998461026324816
20110112_102931_28-a.sph,ara-arq,0.9988240996203235
20110112_102931_28-b.sph,ara-arq,0.9992945069664346
20110112_110035_29-a.sph,ara-arq,0.9956050254373241
20110112_110035_29-b.sph,ara-arq,0.9998179655506749
20110112_120034_30-a.sph,ara-arq,0.9999956254632509
20110112_120034_30-b.sph,ara-arq,0.9999961650306969
20110112_121837_31-a.sph,ara-arq,0.9992484722468692
20110112_121837_31-b.sph,ara-arq,0.9988521768999281
20110112_125124_32-a.sph,ara-arq,0.9992562768302394
20110112_125124_32-b.sph,ara-arq,0.9965659470692162
20110112_131159_33-a.sph,ara-arq,0.9999484673386585
20110112_131159_33-b.sph,ara-arq,0.999988595598022
20110112_135057_34-a.sph,ara-arq,0.9964035382836839
20110112_140409_35-b.sph,ara-arq,0.9993163776118849
20110112_143151_37-a.sph,ara-arq,0.9978091561892594
20110112_144321_38-a.sph,ara-arq,0.9882030389155663
20110112_151915_40-a.sph,ara-arq,0.9999863814255752
20110112_151915_40-b.sph,ara-arq,0.9999867872908822
20110112_164438_41-a.sph,ara-arq,0.9911464286505152
20110112_164438_41-b.sph,ara-arq,0.9982784286981317
20110112_170310_42-b.sph,ara-arq,0.9957287722811907
20110112_174334_44-a.sph,ara-arq,0.9994637389176244
20110112_174334_44-b.sph,ara-arq,0.9999979913404728
20110112_175917_46-a.sph,ara-arq,0.999896350765443
20110112_175917_46-b.sph,ara-arq,0.9992906517833624
20110112_181316_47-a.sph,ara-arq,0.9865135533386489
20110112_181316_47-b.sph,ara-arq,0.9799283164010801
20110112_184303_48-a.sph,ara-arq,0.9999941253436267
20110112_184303_48-b.sph,ara-arq,0.9894727409462367
20110112_185018_49-a.sph,ara-arq,0.9993235515178335
20110112_185018_49-b.sph,ara-arq,0.9964110986149859
20110112_190919_51-a.sph,ara-arq,0.9975136717392243
20110112_195355_54-a.sph,ara-arq,0.9994973714549525
20110112_210716_56-b.sph,ara-arq,0.9999953505624561
20110113_154325_58-a.sph,ara-arq,0.9999971862717217
20110113_155707_60-a.sph,ara-aeb,0.999254762801491
20110113_155707_60-b.sph,ara-arq,0.9999588882350571
20110113_160907_61-a.sph,ara-arq,0.9999960880781135
20110113_160907_61-b.sph,ara-arq,0.9999863740819315
20110113_210803_66-a.sph,ara-arq,0.9973323794741106
20110113_210803_66-b.sph,ara-arq,0.9989444092443852
20110114_010743_69-a.sph,ara-arq,0.9999099284602719
20110114_010743_69-b.sph,ara-arq,0.9763890642555946
20110114_132253_70-a.sph,ara-arq,0.9999970659217092
20110114_170901_71-a.sph,ara-arq,0.9999919868727419
20110114_170901_71-b.sph,ara-arq,0.9854190368540645
20110114_174847_72-a.sph,ara-arq,0.9999794141191631
20110114_174847_72-b.sph,ara-arq,0.9999942469709167
20110115_083054_73-a.sph,ara-arq,0.999835593793634
20110115_083054_73-b.sph,ara-arq,0.9874468440342952
20110115_090248_75-a.sph,ara-arq,0.9999406720119036
20110115_090248_75-b.sph,ara-arq,0.992340537440409
20110115_093602_76-a.sph,ara-arq,0.999989554911121
20110115_093602_76-b.sph,ara-arq,0.9999977173414476
20110115_094928_77-a.sph,ara-arq,0.9978338195939027
20110115_094928_77-b.sph,ara-arq,0.9999543347173833
20110115_101940_80-a.sph,ara-arq,0.9999919712722404
20110115_101940_80-b.sph,ara-arq,0.9999936335315381
20110115_114622_88-a.sph,ara-arq,0.9994230181724559
20110115_114622_88-b.sph,ara-arq,0.9987494039544832
20110115_115414_89-a.sph,ara-arq,0.9997873068050884
20110115_115414_89-b.sph,ara-arq,0.9996879869582883
20110115_120333_90-a.sph,ara-arq,0.9999911829644114
20110115_120333_90-b.sph,ara-aeb,0.9907357013205295
20110115_154229_93-a.sph,ara-arq,0.9999908976134848
20110115_160534_94-a.sph,ara-arq,0.9999941336401025
20110115_160534_94-b.sph,ara-arq,0.9970317402712736
20110115_170405_96-a.sph,ara-arq,0.9991143532054212
20110115_170405_96-b.sph,ara-arq,0.9996419863942765
20110115_172633_97-a.sph,ara-arq,0.983493662520541
20110115_172633_97-b.sph,ara-arq,0.9999960891934105
20110115_173918_98-b.sph,ara-arq,0.9899208181081557
20110116_212111_99-a.sph,ara-arq,0.9998892280312053
20110118_122005_102-a.sph,ara-arq,0.9999988862765399
20110118_122005_102-b.sph,ara-arq,0.9909318482173783
20110118_154651_104-a.sph,ara-arq,0.999987636189934
20110119_101115_108-a.sph,ara-arq,0.9999649201104261
20110119_101115_108-b.sph,ara-arq,0.9970793271378511
20110119_103907_109-a.sph,ara-arq,0.999982064110703
20110119_103907_109-b.sph,ara-arq,0.9930181910779016
20110119_123138_110-b.sph,ara-arq,0.9865006019221569
20110119_130923_111-a.sph,ara-arq,0.997152167078472
20110119_130923_111-b.sph,ara-arq,0.9981643655714929
20110119_131501_113-b.sph,ara-arq,0.9999035286024007
20110119_162158_114-a.sph,ara-arq,0.9999999535234435
20110119_162158_114-b.sph,ara-arq,0.9972175314415649
20110119_164045_115-a.sph,ara-arq,0.999995752838363
20110119_164045_115-b.sph,ara-arq,0.9997628034439311
20110119_185412_118-a.sph,ara-arq,0.9998202289146529
20110119_185412_118-b.sph,ara-arq,0.9984931074535468
20110119_191933_119-a.sph,ara-arq,0.9998427532239414
20110119_191933_119-b.sph,ara-arq,0.9999158034849497
20110120_063303_126-a.sph,ara-aeb,0.9983408495530686
20110120_065333_127-a.sph,ara-arq,0.9992096176188296
20110120_065333_127-b.sph,ara-arq,0.9999999917747343
20110120_103241_131-a.sph,ara-arq,0.9993182345500153
20110121_133744_171-a.sph,ara-arq,0.9999999215696308
20110121_135108_172-a.sph,ara-arq,0.9997247255224011
20110121_135108_172-b.sph,ara-arq,0.9948115916234687
20110121_150759_174-a.sph,ara-arq,0.9999584736982609
20110121_205639_189-a.sph,ara-arq,0.9999897466147079
20110121_205639_189-b.sph,ara-arq,0.9999990343864227
20110122_102217_196-a.sph,ara-arq,0.980904081808585
20110122_182307_237-b.sph,ara-arq,0.9999628382800599
20110122_213252_254-a.sph,ara-aeb,0.9977468847806278
20110123_065916_259-a.sph,ara-arq,0.9998361236710239
20110123_065916_259-b.sph,ara-arq,0.9999198626609019
20110123_082139_260-a.sph,ara-arq,0.9998122368739342
20110123_091452_261-a.sph,ara-arq,0.9937530884216169
20110124_150410_307-b.sph,ara-arq,0.9998523760407785
20110124_160331_310-a.sph,ara-arq,0.9999119580552518
20110124_160331_310-b.sph,ara-arq,0.9996355765737956
20110126_231521_427-a.sph,ara-arq,0.9999990527242926
20110126_231521_427-b.sph,ara-arq,0.999082522282352
20110126_233137_428-a.sph,ara-arq,0.9999980559906911
20110126_233137_428-b.sph,ara-arq,0.999549593523283
20110127_113123_434-a.sph,ara-arq,0.9998900000422434
20110127_133351_443-a.sph,ara-arq,0.9999924768392251
20110127_133351_443-b.sph,ara-arq,0.9984673062603949
20110127_200135_452-a.sph,ara-arq,0.9995916079616751
20110127_200135_452-b.sph,ara-arq,0.9928940070693326
20110127_201455_453-a.sph,ara-arq,0.9999998409583539
20110127_201455_453-b.sph,ara-arq,0.9917325527348603
20110127_211633_454-a.sph,ara-arq,0.9999252600002078
20110128_182748_472-a.sph,ara-arq,0.9999937657077407
20110128_182748_472-b.sph,ara-arq,0.996288694787586
20110128_185835_473-b.sph,ara-arq,0.9993941153143588
20110128_193520_475-a.sph,ara-arq,0.9999530106214491
20110128_193520_475-b.sph,ara-arq,0.9999527486872603
20110128_200815_476-a.sph,ara-arq,0.9999873059955551
20110128_200815_476-b.sph,ara-arq,0.9964487496070723
20110128_203824_477-b.sph,ara-arq,0.9997165845051637
20110128_222333_480-a.sph,ara-arq,0.9999970783462304
20110130_080611_510-a.sph,ara-arq,0.9999749215499425
20110130_080611_510-b.sph,ara-aeb,0.9999966593413755
20110130_085820_512-a.sph,ara-arq,0.9999636011539246
20110130_085820_512-b.sph,ara-arq,0.9813498028090423
20110130_092246_513-b.sph,ara-arq,0.9999059749555838
20110130_100253_514-a.sph,ara-arq,0.9921278081859116
20110130_100253_514-b.sph,ara-arq,0.9999516899828312
20110130_155522_528-a.sph,ara-arq,0.9999069680862643
20110130_155522_528-b.sph,ara-arq,0.9997900343245884
20110130_161649_529-a.sph,ara-arq,0.9998613523919572
20110130_161649_529-b.sph,ara-arq,0.9977029871347945
20110130_164452_531-a.sph,ara-arq,0.9999976354441193
20110130_164452_531-b.sph,ara-arq,0.9965312960271767
20110130_184540_532-a.sph,ara-ayl,0.999999999998713
20110130_184540_532-b.sph,ara-arq,0.9849336598416535
20110201_140835_576-a.sph,ara-arq,0.9975300712529358
20110201_140835_576-b.sph,ara-arq,0.9999993561949782
20110201_163316_581-a.sph,ara-arq,0.9999983446810359
20110201_163316_581-b.sph,ara-aeb,0.9924557962400737
20110203_191239_616-b.sph,ara-arq,0.9998885155856538
20110204_153604_625-a.sph,ara-arq,0.9999972105890849
20110204_153604_625-b.sph,ara-arq,0.9999410840414572
20110204_163201_626-a.sph,ara-arq,0.9976110910766881
20110204_163201_626-b.sph,ara-arq,0.9999876934539865
20110204_164625_627-b.sph,ara-arq,0.9999477802299377
20110204_171649_628-a.sph,ara-arq,0.999905415195764
20110204_171649_628-b.sph,ara-arq,0.9999920273859438
20110204_174823_629-a.sph,ara-arq,0.9999950593350131
20110204_183311_631-a.sph,ara-arq,0.9999953899932322
20110204_183311_631-b.sph,ara-arq,0.9999635149153278
20110204_190013_632-a.sph,ara-arq,0.9999387012014681
20110204_190013_632-b.sph,ara-arq,0.9999962749405605
20110204_190208_633-a.sph,ara-arq,0.9999999768635758
20110204_190208_633-b.sph,ara-arq,0.9977926594648339
20110204_200618_634-a.sph,ara-arq,0.9936747368214611
20110204_200618_634-b.sph,ara-arq,0.9999479114428771
20110204_203655_635-b.sph,ara-arq,0.9996727006128494
20110204_205300_638-a.sph,ara-arq,0.9992486308165472
20110205_153631_666-b.sph,ara-arq,0.9996547635561664
20110205_172120_671-a.sph,ara-arq,0.9999915914855924
20110206_095118_685-a.sph,ara-arq,0.9999999541857382
20110206_105102_688-a.sph,ara-arq,0.9999997707236105
20110206_105102_688-b.sph,ara-arq,0.9993810260864877
20110206_105820_689-a.sph,ara-arq,0.9987592088484722
20110206_113326_691-a.sph,ara-arq,0.9998279296292647
20110206_120354_693-b.sph,ara-arq,0.9980948428595703
20110206_122113_696-a.sph,ara-arq,0.9995909791238744
20110206_122113_696-b.sph,ara-arq,0.9999192768200029
20110206_132644_702-a.sph,ara-arq,0.9999998034776016
20110206_152016_714-a.sph,ara-arq,0.9999867036857935
20110206_155159_717-a.sph,ara-arq,0.9998418634479207
20110206_155159_717-b.sph,ara-arq,0.9888916327994056
20110206_165119_720-a.sph,ara-arq,0.9999902498906699
20110206_165119_720-b.sph,ara-arq,0.9920166455204702
20110206_172320_721-a.sph,ara-arq,0.9997423969682552
20110206_172320_721-b.sph,ara-arq,0.9804934273026574
20110206_192709_726-a.sph,ara-arq,0.9840175835722847
20110206_192709_726-b.sph,ara-arq,0.9977287985909209
20110206_194621_727-a.sph,ara-arq,0.9831344460618126
20110208_175519_758-b.sph,ara-arq,0.9999988769528441
20110209_181948_779-a.sph,ara-arq,0.9936522404471088
20110209_181948_779-b.sph,ara-arq,0.9997791918710421
20110209_183724_782-a.sph,ara-arq,0.9998784380878949
20110209_183724_782-b.sph,ara-arq,0.9999246025038221
20110210_183402_800-a.sph,ara-arq,0.9984594573811986
20110210_183402_800-b.sph,ara-arq,0.9980188028033471
20110210_185230_803-a.sph,ara-arq,0.9999982013809502
20110210_185230_803-b.sph,ara-arq,0.9995995024241807
20110211_120852_808-a.sph,ara-arq,0.9932259220823395
20110211_152026_820-a.sph,ara-arq,0.9999980021493747
20110211_153702_822-a.sph,ara-arq,0.9969999901106751
20110211_153702_822-b.sph,ara-arq,0.9997316547372318
20110211_155607_823-a.sph,ara-arq,0.9999999999999418
20110211_155607_823-b.sph,ara-arq,0.9998718954393995
20110212_181444_870-a.sph,ara-arq,0.9989480808880217
20110212_181444_870-b.sph,ara-arq,0.9999872566336785
20110212_183328_871-a.sph,ara-arq,0.9903448729423271
20110212_183328_871-b.sph,ara-arq,0.9810930960909464
20110212_185203_872-a.sph,ara-arq,0.981273333555111
20110212_191246_873-b.sph,ara-arq,0.9995332526132436
20110213_114400_879-a.sph,ara-arq,0.9960907157237656
20110213_114400_879-b.sph,ara-arq,0.9857366670372355
20110213_120949_881-a.sph,ara-arq,0.9844207993983157
20110213_120949_881-b.sph,ara-arq,0.9903953303779026
20110213_122816_882-a.sph,ara-arq,0.9891871489623377
20110213_122816_882-b.sph,ara-arq,0.9999935070606318
20110213_131054_885-b.sph,ara-arq,0.9999028302287125
20110213_133818_888-b.sph,ara-arq,0.9970198413986752
20110213_142146_896-a.sph,ara-arq,0.9997721189705135
20110213_142146_896-b.sph,ara-arq,0.998800376513235
20110213_144952_900-a.sph,ara-arq,0.9968885288172212
20110213_164838_913-b.sph,ara-arq,0.9999808228052904
20110213_181716_914-a.sph,ara-arq,0.9996267031488214
20110213_181716_914-b.sph,ara-arq,0.9978692419798673
20110214_210504_930-a.sph,ara-arq,0.9999999993069508
20110214_212408_932-b.sph,ara-arq,0.9994783176628016
20110217_133012_975-b.sph,ara-arq,0.9999978652333108
20110217_134937_976-b.sph,ara-arq,0.9981620062883075
20110217_135627_977-a.sph,ara-arq,0.9923823762680786
20110217_135627_977-b.sph,ara-ayl,0.99994304153697
20110217_140828_980-b.sph,ara-arq,0.9998865552711499
20110217_142557_982-a.sph,ara-arq,0.9927005912288147
20110217_145020_983-a.sph,ara-arq,0.9992976883509107
20110217_145020_983-b.sph,ara-arq,0.9994242961468159
20110217_171932_987-a.sph,ara-arq,0.9998300688490686
20110217_171932_987-b.sph,ara-arq,0.9999938868544527
20110217_173619_988-a.sph,ara-arq,0.9998859524996734
20110217_173619_988-b.sph,ara-arq,0.9993538778019107
20110218_143916_1008-a.sph,ara-arq,0.9995276489555424
20110218_152219_1012-a.sph,ara-arq,0.9989564931737804
20110218_152219_1012-b.sph,ara-arq,0.983424400422087
20110218_154208_1013-a.sph,ara-arq,0.9996610622089865
20110218_171114_1015-a.sph,ara-arq,0.9983391451448304
20110218_171114_1015-b.sph,ara-aeb,0.9839049923252243
20110219_130356_1026-a.sph,ara-arq,0.9800875696973508
20110219_130356_1026-b.sph,ara-arq,0.9981097426100024
20110220_153604_1050-b.sph,ara-arq,0.9992922307310227
20110226_102551_1168-a.sph,ara-arq,0.9956164145717841
20110226_104245_1169-a.sph,ara-arq,0.999615990129898
20110226_104245_1169-b.sph,ara-arq,0.9999432762407108
20110226_105951_1171-b.sph,ara-arq,0.9963320797245594
20110227_115638_1179-a.sph,ara-arq,0.9979731787181892
20110227_115638_1179-b.sph,ara-arq,0.9999984412629119
20110227_123734_1181-a.sph,ara-arq,0.9996205551160018
20110227_125439_1182-a.sph,ara-arq,0.9996946469526378
20110227_125439_1182-b.sph,ara-arq,0.9995090769571758
20110227_131635_1183-a.sph,ara-arq,0.9981612635005762
20110227_131635_1183-b.sph,ara-arq,0.9999225601135852
20110227_134655_1184-a.sph,ara-arq,0.9993111982898277
20110227_140420_1185-b.sph,ara-arq,0.9988598965943818
20110227_142125_1186-a.sph,ara-arq,0.9948006601325144
20110227_142125_1186-b.sph,ara-arq,0.9988307215422513
20110227_154132_1189-a.sph,ara-arq,0.9938418813114719
20110227_154132_1189-b.sph,ara-arq,0.9999920687652308
20110227_155909_1191-b.sph,ara-arq,0.998912461185742
20110227_162241_1192-a.sph,ara-arq,0.9984703552540448
20110227_162241_1192-b.sph,ara-arq,0.9999895197829509
20110227_163935_1195-b.sph,ara-arq,0.9949971842748578
20110228_174826_1217-a.sph,ara-arq,0.9999886137143743
20110228_174826_1217-b.sph,ara-arq,0.9993742634620741
20110301_154921_1230-a.sph,ara-arq,0.9997093954036395
20110301_154921_1230-b.sph,ara-arq,0.9986268296407617
20110305_101932_1323-a.sph,ara-arq,0.9961912502914853
20110305_101932_1323-b.sph,ara-arq,0.9992166940246625
20110305_103655_1326-a.sph,ara-arq,0.9964829278234681
20110305_175842_1332-a.sph,ara-arq,0.9971054262198007
20110305_175842_1332-b.sph,ara-arq,0.9999802993572223
20110305_181929_1333-b.sph,ara-arq,0.9999661470430923
20110306_111437_1342-b.sph,ara-arq,0.9997018164726993
20110306_113229_1344-b.sph,ara-arq,0.9999988318789892
20110306_115706_1347-b.sph,ara-arq,0.9978191157389156
20110306_121619_1348-a.sph,ara-arq,0.9827291278544082
20110306_123404_1350-a.sph,ara-arq,0.9988325513754784
20110306_155835_1353-b.sph,ara-arq,0.9841830936168241
20110308_141939_1391-a.sph,ara-arq,0.9927596828605247
20110309_090633_1407-a.sph,ara-arq,0.9974682774936627
20110309_090633_1407-b.sph,ara-arq,0.9999472047179431
20110309_092426_1408-a.sph,ara-arq,0.9891944796228922
20110309_190600_1415-b.sph,ara-arq,0.9992401337610775
20110312_100116_1442-b.sph,ara-aeb,0.9999964907283014
lre11ablk.sph,ara-arq,0.9999907113220694
lre11aedq.sph,ara-arq,0.9998876721921264
lre11afar.sph,ara-arq,0.9998482741863788
lre11aglc.sph,ara-arq,0.9999898456118099
lre11ahqo.sph,ara-arq,0.9918603244627976
lre11alas.sph,ara-arq,0.9908901959831016
lre11alwj.sph,ara-arq,0.9894410455076774
lre11amzo.sph,ara-arq,0.9786892682080185
lre11anjz.sph,ara-arq,0.9999981759198692
lre11aojl.sph,ara-arq,0.9997424488929775
lre11apsf.sph,ara-arq,0.9849324254750552
lre11avmm.sph,ara-arq,0.9999504288541092
lre11axmy.sph,ara-arq,0.9999523003483873
lre11azex.sph,ara-arq,0.9995398052261274
lre11bbvj.sph,ara-arq,0.9999335460724018
lre11bcek.sph,ara-arq,0.9999851926128998
lre11bcpv.sph,ara-arq,0.984682382200886
lre11biws.sph,ara-arq,0.9998120788157547
lre11bnkp.sph,ara-arq,0.9995987125056803
lre11bnsh.sph,ara-arq,0.9996962089592643
lre11bnsx.sph,ara-arq,0.9977111633190938
lre11bpyg.sph,ara-arq,0.9959055192068114
lre11bpzi.sph,ara-arq,0.9905831011969168
lre11bqon.sph,ara-arq,0.9969555758000546
lre11brct.sph,ara-arq,0.9975246452439199
lre11bsry.sph,ara-arq,0.9894503783769195
lre11byco.sph,ara-arq,0.9999976971030877
lre11bzjc.sph,ara-arq,0.999543540290902
lre11bzlo.sph,ara-arq,0.9999970319421916
lre11cejv.sph,ara-arq,0.9982811975618141
lre11cesz.sph,ara-arq,0.998990976426668
lre11cfgz.sph,ara-arq,0.9935160910053205
lre11cfwm.sph,ara-arq,0.9999964881312391
lre11cgay.sph,ara-arq,0.9996390794313366
lre11cgxl.sph,ara-arq,0.9888137475556131
lre11cian.sph,ara-arq,0.9999456258260779
lre11cjxu.sph,ara-arq,0.9999091559138382
lre11cmat.sph,ara-arq,0.999993807597705
lre11cmnm.sph,ara-arq,0.9968753878911075
lre11cpyg.sph,ara-arq,0.99778707361397
lre11cysx.sph,ara-arq,0.9999531509783556
lre11czoc.sph,ara-arq,0.9999723971738445
lre11czzz.sph,ara-arq,0.9967642546011689
lre11dcxm.sph,ara-arq,0.9988254822426347
lre11dkdu.sph,ara-arq,0.9995208011254988
lre11dmgu.sph,ara-arq,0.9999964088803398
lre11dnsn.sph,ara-arq,0.9999932007597087
lre11dtba.sph,ara-arq,0.9999993605172935
lre11dtee.sph,ara-arq,0.9998725513672501
lre11dtma.sph,ara-arq,0.977093779334459
lre11dwvy.sph,ara-arq,0.9912064733461909
lre11dzmv.sph,ara-arq,0.9893557384712441
lre11edst.sph,ara-arq,0.9996483218194355
lre11efjk.sph,ara-arq,0.9997175005082578
lre11eiyw.sph,ara-arq,0.9876725818861913
lre11ekip.sph,ara-arq,0.9996941527919115
lre11eohx.sph,ara-arq,0.9999635932561415
lre11erez.sph,ara-arq,0.9965516335686703
lre11erxq.sph,ara-arq,0.9996087806099485
lre11erxr.sph,ara-arq,0.9775705269985646
lre11eufb.sph,ara-arq,0.9843849296538485
lre11fagv.sph,ara-arq,0.9998946883634996
lre11fbda.sph,ara-arq,0.9978295206364557
lre11fcjj.sph,ara-ayl,0.993383627457564
lre11fkvi.sph,ara-arq,0.9995855863185078
lre11fodl.sph,ara-aeb,0.9926903655566781
lre11fqsk.sph,ara-arq,0.9999977131862029
lre11ftfz.sph,ara-arq,0.9992187521546018
lre11fvvi.sph,ara-arq,0.9998858777480336
lre11fwev.sph,ara-arq,0.9895982019894587
lre11fwgy.sph,ara-arq,0.9999585016943806
lre11fxxe.sph,ara-arq,0.9999324150603885
lre11fyfu.sph,ara-arq,0.9998347600563473
lre11fyul.sph,ara-arq,0.9936234560510464
lre11fzut.sph,ara-arq,0.9842511617654447
lre11gdzy.sph,ara-arq,0.999889190713416
lre11gezd.sph,ara-arq,0.9998699060210541
lre11gfzz.sph,ara-arq,0.9999891185814981
lre11ggoj.sph,ara-arq,0.9939957237418172
lre11ggpo.sph,ara-arq,0.9856255396828421
lre11goba.sph,ara-arq,0.990344531513245
lre11gobo.sph,ara-arq,0.9999875942826566
lre11grhs.sph,ara-arq,0.9997556743150159
lre11grvu.sph,ara-arq,0.9999968541025068
lre11gugo.sph,ara-arq,0.9965937007797033
lre11hfea.sph,ara-arq,0.9998608609896967
lre11hhql.sph,ara-arq,0.9998338106542838
lre11hnhd.sph,ara-arq,0.9772497743518446
lre11honr.sph,ara-arq,0.9998932196048694
lre11hqam.sph,ara-arq,0.9981273699564014
lre11hqxf.sph,ara-arq,0.9994436545087109
lre11hxhj.sph,ara-arq,0.9999969785031192
lre11iape.sph,ara-arq,0.9805984363079878
lre11ibqb.sph,ara-arq,0.9818806715807676
lre11ijgj.sph,ara-arq,0.9990861345342709
lre11ilih.sph,ara-arq,0.9999502485361578
lre11imki.sph,ara-ayl,0.9999999999342657
lre11iqwq.sph,ara-arq,0.9989577296816973
lre11irup.sph,ara-arq,0.9987522767488314
lre11itok.sph,ara-arq,0.9999898498294778
lre11ivvj.sph,ara-arq,0.9989286012303883
lre11ixke.sph,ara-arq,0.9999500945534188
lre11jepu.sph,ara-arq,0.9972127532313085
lre11jfrt.sph,ara-arq,0.999937410524841
lre11jgdm.sph,ara-arq,0.9999313841413808
lre11jgex.sph,ara-arq,0.9996981300593533
lre11jjzk.sph,ara-arq,0.9969824384056464
lre11jkcg.sph,ara-arq,0.9999901763442688
lre11jlbb.sph,ara-ayl,0.9999797418290254
lre11jmkp.sph,ara-aeb,0.9829506107982495
lre11jnbo.sph,ara-arq,0.9955088149420692
lre11joqm.sph,ara-arq,0.9979145377503337
lre11jpnp.sph,ara-arq,0.9820469567638314
lre11jqay.sph,ara-arq,0.9999059550640546
lre11jsem.sph,ara-arq,0.9999659015380002
lre11jtsu.sph,ara-arq,0.9999985874275487
lre11jxjq.sph,ara-arq,0.9996252775252656
lre11kcxw.sph,ara-arq,0.9999980198875125
lre11kghl.sph,ara-arq,0.9999969246150942
lre11khai.sph,ara-arq,0.9999850849749775
lre11khpn.sph,ara-arq,0.9996319733879265
lre11kizl.sph,ara-arq,0.9946944777387341
lre11kjhr.sph,ara-arq,0.9999999478107263
lre11kkvl.sph,ara-arq,0.9999331725841073
lre11kmrd.sph,ara-arq,0.998407471871956
lre11kvlp.sph,ara-arq,0.9881647482815468
lre11kweb.sph,ara-arq,0.9959584099323461
lre11laah.sph,ara-arq,0.9999994459184748
lre11laym.sph,ara-arq,0.9996946633832319
lre11lcve.sph,ara-ayl,0.9754071685038981
lre11lgwf.sph,ara-arq,0.999998185212916
lre11lkfn.sph,ara-arq,0.9871985523328064
lre11lljy.sph,ara-arq,0.9999951992577
lre11ltbl.sph,ara-arq,0.9925424060658127
lre11lvrc.sph,ara-arq,0.999994692352155
lre11lxeu.sph,ara-arq,0.9998494543892836
lre11mciy.sph,ara-arq,0.9991649802638065
lre11mcpb.sph,ara-arq,0.9998812879498469
lre11mdaq.sph,ara-arq,0.9999993536606017
lre11mdlw.sph,ara-arq,0.9999933631714529
lre11megz.sph,ara-arq,0.999991578971874
lre11mgcj.sph,ara-arq,0.9997465534552311
lre11mgda.sph,ara-arq,0.9998675569243112
lre11mhts.sph,ara-arq,0.9993162979080465
lre11mimu.sph,ara-arq,0.9853693267657061
lre11mmil.sph,ara-arq,0.9998013743994384
lre11moic.sph,ara-arq,0.9999975487340111
lre11mpyg.sph,ara-arq,0.9999918690235887
lre11mrgx.sph,ara-arq,0.9916396537114318
lre11muco.sph,ara-arq,0.9990051655062514
lre11myev.sph,ara-arq,0.9999999709774632
lre11mzsf.sph,ara-arq,0.9814633660769434
lre11nfrs.sph,ara-arq,0.9993363405655639
lre11nhol.sph,ara-arq,0.9997583313854068
lre11nhpm.sph,ara-arq,0.9999766347438241
lre11nisq.sph,ara-arq,0.9999493082338785
lre11njwd.sph,ara-arq,0.9999968670068229
lre11nlof.sph,ara-arq,0.997025558783378
lre11nsiw.sph,ara-arq,0.9759841774215573
lre11ntcf.sph,ara-arq,0.9777836287483279
lre11nted.sph,ara-arq,0.9998141941637515
lre11nvno.sph,ara-arq,0.9999964888490706
lre11oavt.sph,ara-arq,0.9965200220599933
lre11ocsv.sph,ara-arq,0.9999827956617842
lre11oege.sph,ara-arq,0.9950563664377374
lre11ofei.sph,ara-arq,0.9998876820742316
lre11ohag.sph,ara-arq,0.9985768786597264
lre11oije.sph,ara-arq,0.992072008446929
lre11ojgd.sph,ara-arq,0.9940659470468965
lre11ojvf.sph,ara-arq,0.9993122001400614
lre11okxt.sph,ara-arq,0.9994222299446635
lre11omni.sph,ara-arq,0.9998835501527243
lre11onrg.sph,ara-arq,0.9916365803164747
lre11ontl.sph,ara-arq,0.9995751330000039
lre11opue.sph,ara-arq,0.9997738097677723
lre11oqro.sph,ara-arq,0.999967793829243
lre11otxd.sph,ara-arq,0.9999418179160698
lre11ouii.sph,ara-arq,0.9998576517513276
lre11ovwf.sph,ara-arq,0.9889696901091004
lre11oydk.sph,ara-arq,0.9819224710181479
lre11ozdn.sph,ara-arq,0.9998106016178588
lre11pagq.sph,ara-arq,0.9801218480437873
lre11paur.sph,ara-arq,0.999987431916008
lre11pfti.sph,ara-arq,0.9863893498230394
lre11pfzy.sph,ara-arq,0.9999851535829934
lre11pprb.sph,ara-arq,0.9907367260657962
lre11pqno.sph,ara-arq,0.9999947908245772
lre11pvoj.sph,ara-arq,0.9999986601480322
lre11pysj.sph,ara-arq,0.9818927362425611
lre11pzsc.sph,ara-arq,0.9777996051185309
lre11qaml.sph,ara-arq,0.9901897881820463
lre11qcse.sph,ara-arq,0.9786650402081483
lre11qhrk.sph,ara-arq,0.99996447871608
lre11qilb.sph,ara-arq,0.9999944023407891
lre11qjbu.sph,ara-arq,0.999998909993637
lre11qoxa.sph,ara-arq,0.9992628389476516
lre11qpqk.sph,ara-arq,0.9988889605651897
lre11qrlt.sph,ara-arq,0.9993564789200029
lre11qtkd.sph,ara-arq,0.9964050771568211
lre11qupc.sph,ara-arq,0.9758848861520171
lre11qwil.sph,ara-arq,0.9999982738573114
lre11qwqs.sph,ara-arq,0.9998351735862747
lre11rafm.sph,ara-arq,0.9999610086553676
lre11rdod.sph,ara-arq,0.9883226566986822
lre11rdqv.sph,ara-ayl,0.985738149564001
lre11relv.sph,ara-arq,0.999999468502387
lre11rjui.sph,ara-arq,0.9999924251546126
lre11rkhs.sph,ara-arq,0.9956440478348277
lre11rldx.sph,ara-arq,0.9989857178552667
lre11rwqr.sph,ara-arq,0.9999995661106464
lre11sgia.sph,ara-arq,0.9792334621995509
lre11skba.sph,ara-arq,0.9971597662211976
lre11smpy.sph,ara-arq,0.9999299231162642
lre11snqm.sph,ara-arq,0.9998770993281684
lre11snzs.sph,ara-arq,0.9998957560021872
lre11svhq.sph,ara-arq,0.9926690106361062
lre11sxdk.sph,ara-arq,0.9999894072598812
lre11szjx.sph,ara-arq,0.9997496078258093
lre11tisp.sph,ara-aeb,0.9935967845696344
lre11tkeq.sph,ara-arq,0.999992668852024
lre11tkgv.sph,ara-arq,0.9999634239721431
lre11tlbn.sph,ara-arq,0.9916960032980205
lre11tlgc.sph,ara-arq,0.9921670149117343
lre11tnbu.sph,ara-arq,0.9999917662026707
lre11tqjp.sph,ara-arq,0.9999997186207273
lre11trmj.sph,ara-aeb,0.9985641023002019
lre11txsn.sph,ara-arq,0.9895624098081941
lre11ubjy.sph,ara-arq,0.9991221016840601
lre11ubmu.sph,ara-arq,0.9999965435512681
lre11uhux.sph,ara-arq,0.997435675415044
lre11ujqi.sph,ara-arq,0.9939996473996353
lre11ullo.sph,ara-arq,0.9999999998276814
lre11umdt.sph,ara-arq,0.9962758965298869
lre11unmt.sph,ara-arq,0.9985618690998576
lre11uqzm.sph,ara-arq,0.9985040805093104
lre11urlw.sph,ara-arq,0.9998924522602656
lre11usmv.sph,ara-arq,0.9997207805439943
lre11uvte.sph,ara-arq,0.9983265140452946
lre11uwxi.sph,ara-arq,0.9993165982905879
lre11vcwy.sph,ara-arq,0.9969565461227344
lre11veuu.sph,ara-arq,0.9999796896377858
lre11vezt.sph,ara-arq,0.9767680653788202
lre11vfna.sph,ara-aeb,0.9964120446674009
lre11vhhz.sph,ara-arq,0.998103902690531
lre11vhvh.sph,ara-arq,0.9999927635072146
lre11vjcl.sph,ara-arq,0.9999819610209169
lre11vkma.sph,ara-arq,0.9945794427407135
lre11vncd.sph,ara-arq,0.9907523248594148
lre11vrrg.sph,ara-arq,0.99460105641934
lre11vsry.sph,ara-arq,0.9951631752607728
lre11vssm.sph,ara-arq,0.9804358152668605
lre11vukq.sph,ara-arq,0.998095638681888
lre11vwzy.sph,ara-arq,0.9999994453927953
lre11vxev.sph,ara-arq,0.9986174583419248
lre11vyma.sph,ara-arq,0.9935618499200927
lre11vzdv.sph,ara-arq,0.9940242404482954
lre11wjmo.sph,ara-arq,0.9946379138594132
lre11wlmf.sph,ara-arq,0.9985332278711876
lre11wogz.sph,ara-arq,0.9999996831958213
lre11wpeu.sph,ara-arq,0.987053003738009
lre11xesf.sph,ara-arq,0.9926552158707163
lre11xlhq.sph,ara-arq,0.9861699702078971
lre11xmop.sph,ara-arq,0.9998106693232437
lre11xncb.sph,ara-arq,0.9997518363731595
lre11xsib.sph,ara-arq,0.9999999575778398
lre11yfkq.sph,ara-arq,0.9978416409757853
lre11yfuh.sph,ara-arq,0.9852732209813364
lre11yjtr.sph,ara-arq,0.9999875286020034
lre11ykqy.sph,ara-arq,0.999994599228917
lre11ynky.sph,ara-arq,0.9870374231633215
lre11ynub.sph,ara-arq,0.9975464312675795
lre11ynut.sph,ara-arq,0.994865816956002
lre11yohv.sph,ara-arq,0.9999860886998846
lre11ypuu.sph,ara-arq,0.999939937136318
lre11yqmg.sph,ara-arq,0.9988753925216532
lre11yskr.sph,ara-arq,0.9990482482843873
lre11yysp.sph,ara-arq,0.9909036055745113
lre11zaix.sph,ara-arq,0.9993370825297897
lre11zcny.sph,ara-arq,0.9863060880274914
lre11zgmi.sph,ara-arq,0.9852780607073358
lre11znqr.sph,ara-arq,0.999970678330779
lre11zosk.sph,ara-aeb,0.9992041227652806
lre11zsfl.sph,ara-arq,0.9999316377930149
lre11zvte.sph,ara-arq,0.9994693690287269
lre11zwzv.sph,ara-arq,0.998921262378038
lre11zxvd.sph,ara-arq,0.9970232759937795
lre11zzww.sph,ara-arq,0.9968858579018414
lre17_abtnjqwo.sph,ara-arq,0.999946799291851
lre17_acckmchx.sph,ara-aeb,0.9986711227355097
lre17_acoxtkfz.sph,ara-aeb,0.9842666785196265
lre17_adharrss.flac,ara-arq,0.9947182189896948
lre17_adharrss.flac-gsm,ara-arq,0.9956384390235652
lre17_aduhvtel.sph,ara-arq,0.9999889349109844
lre17_aekqbfnc.sph,ara-arq,0.9984883022389972
lre17_afpeboji.sph,ara-arq,0.9999593134555593
lre17_agovhiqf.sph,ara-arq,0.9980746218401729
lre17_aiesnqgx.sph,ara-arq,0.9999860691612521
lre17_aipdwmxb.sph,ara-aeb,0.9989779255268202
lre17_anlfomhj.flac,ara-ayl,0.9994229196677115
lre17_anocqhav.sph,ara-arq,0.9997793277424729
lre17_ansqkmxg.sph,ara-arq,0.9990411219484128
lre17_aokadzsc.sph,ara-arq,0.9999717598295709
lre17_aqfwvqpg.sph,ara-arq,0.9999999815159134
lre17_aquebikd.sph,ara-arq,0.9999983875736405
lre17_arzwedtw.sph,ara-arq,0.9945282050060794
lre17_asbkyxts.sph,ara-arq,0.9902930286287294
lre17_astrrnby.flac,ara-arq,0.9755268847782662
lre17_astrrnby.flac-g711a,ara-arq,0.9854914061367727
lre17_avfgalrs.flac-gsm,ara-arq,0.9999972882283532
lre17_avrkkwph.sph,ara-arq,0.9988768871380727
lre17_axiutoza.sph,ara-arq,0.9997779954741397
lre17_ayizvbkc.sph,ara-arq,0.9999840812557923
lre17_azjbrozk.sph,ara-arq,0.9953169139803245
lre17_bdpgpxku.flac-g711a,ara-ayl,0.9999977914337187
lre17_beeeutoh.flac,ara-arq,0.9942343106320238
lre17_beeeutoh.flac-g723_1,ara-arq,0.9974204443646679
lre17_bfaxqjqb.sph,ara-arq,0.999936007945235
lre17_bfdjopui.sph,ara-aeb,0.9781197289083158
lre17_bjfsfjit.flac,ara-arq,0.9879397124065223
lre17_bjkkkuno.sph,ara-arq,0.999487026079353
lre17_bjoiupem.sph,ara-arq,0.9880927563645315
lre17_bjzozier.sph,ara-aeb,0.9997062951168889
lre17_bkcpyhve.sph,ara-arq,0.9993564259542776
lre17_bkjcaggk.flac,ara-arq,0.9994997776308957
lre17_bkjcaggk.flac-g711mu,ara-arq,0.9993395177228688
lre17_bktxvmar.sph,ara-arq,0.9999917820037525
lre17_blazxkfa.sph,ara-arq,0.9999639560062823
lre17_blbxhpiv.sph,ara-arq,0.9949809784805863
lre17_blljbkpf.sph,ara-arq,0.9934970373407573
lre17_bmujmfhj.sph,ara-arq,0.9775708820251491
lre17_boryyjhf.sph,ara-arq,0.9977484576765338
lre17_bowjoyjr.sph,ara-arq,0.9816765571144581
lre17_bqxjnfxx.sph,ara-aeb,0.9929235091866946
lre17_bqyznxui.flac-g711a,ara-arq,0.9999829540600199
lre17_brpyutxm.sph,ara-aeb,0.9832823165542701
lre17_bswfxzyr.sph,ara-arq,0.9999980843040208
lre17_btafdkdg.flac,ara-arq,0.9992005312956213
lre17_btafdkdg.flac-gsm,ara-arq,0.9992352599146054
lre17_buwtqeqb.flac,ara-arq,0.987792729025184
lre17_buwtqeqb.flac-g726,ara-arq,0.999145758855682
lre17_bvqgsidl.sph,ara-aeb,0.9862447101786331
lre17_bwxfqusr.sph,ara-aeb,0.9936207466860856
lre17_bxwvpnfw.flac-opus,ara-arq,0.9999995104818462
lre17_bymvcgmj.sph,ara-aeb,0.9997234164043465
lre17_byzcayjn.flac,ara-arq,0.998985645903786
lre17_byzcayjn.flac-opus,ara-arq,0.9999450148660525
lre17_bzmjxehu.flac-opus,ara-arq,0.9999664531787248
lre17_cairjuvk.sph,ara-arq,0.9987867029788313
lre17_campowcv.sph,ara-arq,0.999787205693806
lre17_ccazlpob.flac-g723_1,ara-arq,0.9974334229828895
lre17_cccspkdm.flac,ara-arq,0.9880424513373823
lre17_cccspkdm.flac-g726,ara-arq,0.9954627517627038
lre17_ccjrvsph.sph,ara-arq,0.9999054835372087
lre17_ccoewvvh.sph,ara-arq,0.9893765175449871
lre17_ccypdbbu.sph,ara-arq,0.9999252890248448
lre17_cdavzdsz.flac-g722,ara-arq,0.9997403404294325
lre17_cflgybxg.sph,ara-arq,0.9940658569786607
lre17_cfnizhql.sph,ara-arq,0.9961060724590401
lre17_cfwfsjev.sph,ara-arq,0.9999998965888017
lre17_cfznpgjd.sph,ara-arq,0.9971102748785
lre17_cgmytvfk.sph,ara-aeb,0.9997875043473322
lre17_cipisqbs.flac-g723_1,ara-arq,0.999066551053694
lre17_cluexwgz.sph,ara-arq,0.9998680970232108
lre17_cnfohesd.flac,ara-arq,0.9999887142160848
lre17_cnfohesd.flac-g723_1,ara-arq,0.9995963322893509
lre17_cphdyjdq.sph,ara-arq,0.9906215457248232
lre17_csenuaki.sph,ara-arq,0.9999827796312072
lre17_ctilbvnd.sph,ara-arq,0.9941490810957968
lre17_ctrojttf.sph,ara-arq,0.9997415475987689
lre17_ctudkyri.sph,ara-arq,0.999816925839242
lre17_cupizrsx.sph,ara-arq,0.9977854992043466
lre17_cureptst.flac,ara-arq,0.9966603829855006
lre17_cureptst.flac-g726,ara-arq,0.9981724402252548
lre17_cuvtxdbp.sph,ara-arq,0.9992149913711046
lre17_cvdmebty.sph,ara-arq,0.9986034345626393
lre17_cwbzqjzi.sph,ara-arq,0.9947360860803344
lre17_cwdccgrs.sph,ara-arq,0.9954471876114118
lre17_cwlcovrq.flac,ara-arq,0.9836373295795586
lre17_cwlcovrq.flac-g726,ara-arq,0.9772066393285307
lre17_cxfmtvjk.flac,ara-arq,0.998626631969006
lre17_cxfmtvjk.flac-gsm,ara-arq,0.9995994571705398
lre17_czdgssvb.sph,ara-arq,0.9839800680795405
lre17_daifemlo.flac,ara-arq,0.9999923124695197
lre17_daifemlo.flac-opus,ara-arq,0.9984999152656753
lre17_dbwacwxo.sph,ara-aeb,0.9959928678878073
lre17_dctjgdcf.sph,ara-arq,0.9999693971426666
lre17_degmucpq.flac,ara-arq,0.9998238238013132
lre17_degmucpq.flac-gsm,ara-arq,0.9997379324783554
lre17_dfotbhmi.sph,ara-arq,0.9999967791115594
lre17_dhsngizg.flac,ara-arq,0.9982745689022119
lre17_dhsngizg.flac-g722,ara-arq,0.9899076755215684
lre17_dhttmloy.flac,ara-aeb,0.9965398617526191
lre17_dhttmloy.flac-g726,ara-arq,0.9999896912229259
lre17_dimkfdga.sph,ara-aeb,0.9968909392210388
lre17_dkorjmpr.sph,ara-arq,0.9993720459297395
lre17_dlkdkiml.sph,ara-arq,0.9998570457972521
lre17_dmptasts.sph,ara-arq,0.9999900227916614
lre17_dmxpkcsa.sph,ara-aeb,0.9886627341769952
lre17_dqynyyeg.flac-gsm,ara-arq,0.9885091570772832
lre17_dreturny.sph,ara-arq,0.9999666233198918
lre17_drvwwpat.sph,ara-arq,0.9986475256791328
lre17_dsyovtja.sph,ara-arq,0.9993324032717326
lre17_dtfklpze.flac,ara-arq,0.980875299084855
lre17_duwzoctt.sph,ara-arq,0.9944810760803787
lre17_dxcmnnvm.sph,ara-arq,0.998013143951749
lre17_dyhzanuz.flac,ara-arq,0.9990022950435253
lre17_dzdfoalc.flac-g711mu,ara-arq,0.9992312655669962
lre17_dzpjlevc.sph,ara-arq,0.9999957026648084
lre17_ecoxuoxn.sph,ara-arq,0.9991002623934314
lre17_ecphppxx.sph,ara-arq,0.9999618844845741
lre17_ecwsvpey.sph,ara-arq,0.9976190788174759
lre17_edrerhyd.flac,ara-ayl,0.9999948782776695
lre17_edrerhyd.flac-g726,ara-ayl,0.999989105843972
lre17_efuktxso.sph,ara-arq,0.9941980497799132
lre17_ehubbeoo.sph,ara-arq,0.9996933627528989
lre17_ejqromcl.sph,ara-arq,0.9925673764218849
lre17_ekecvked.sph,ara-arq,0.9994069294232564
lre17_eknvksdj.sph,ara-arq,0.9999954297332013
lre17_elihcnoy.sph,ara-arq,0.9999453376193964
lre17_elkbffyz.sph,ara-aeb,0.9994985958843845
lre17_elyyerit.sph,ara-arq,0.9969900208425778
lre17_emvsmkok.sph,ara-arq,0.9999992133320064
lre17_enrykydq.flac,ara-arq,0.9997480550009473
lre17_enrykydq.flac-g726,ara-ayl,0.9999971853826948
lre17_eqodnzbt.flac,ara-arq,0.9975299669768147
lre17_eqzepcqb.sph,ara-arq,0.9999815043421167
lre17_erwwlbkn.sph,ara-arq,0.997330169701168
lre17_esimguhv.flac-g723_1,ara-arq,0.9990357824171696
lre17_ewmwbivr.flac,ara-aeb,0.9941407951069882
lre17_ewsegeoy.sph,ara-aeb,0.9999996013414438
lre17_extnxkey.sph,ara-arq,0.9899611206184787
lre17_fgvuyqrc.sph,ara-arq,0.9999740198189395
lre17_fheeozab.sph,ara-arq,0.9999998531340115
lre17_fhjonuvo.flac,ara-arq,0.9912514441770434
lre17_fhjonuvo.flac-gsm,ara-arq,0.9986942437203434
lre17_fhobhhji.flac-g711mu,ara-arq,0.9999982807618869
lre17_fhqkrhdc.sph,ara-aeb,0.9974882737208554
lre17_fjeaknag.sph,ara-arq,0.9999528433654035
lre17_flghevgj.sph,ara-arq,0.9999275347920555
lre17_flllshvw.sph,ara-arq,0.9995890566887757
lre17_fmaaifty.sph,ara-arq,0.9967330411235821
lre17_fmyxmvuh.sph,ara-arq,0.9947613058963332
lre17_fobsmsvj.sph,ara-arq,0.9985126437061927
lre17_fosfumyj.flac,ara-arq,0.9981175606728612
lre17_fosfumyj.flac-opus,ara-arq,0.9973412918879427
lre17_fovgucqc.flac-gsm,ara-arq,0.9902063770771822
lre17_fpzybapz.flac,ara-arq,0.9999831117898691
lre17_fpzybapz.flac-g722,ara-arq,0.9999745011543022
lre17_frfvxgkm.flac,ara-arq,0.9982105807022026
lre17_frfvxgkm.flac-g723_1,ara-arq,0.9999990437299212
lre17_frldxzov.flac,ara-arq,0.9999911187378006
lre17_frnemphs.sph,ara-aeb,0.9999309467267882
lre17_frrujsta.sph,ara-aeb,0.9827694350674886
lre17_fsibsssn.flac,ara-arq,0.9967716611519729
lre17_fsibsssn.flac-opus,ara-arq,0.9943914629735336
lre17_fstjhoom.sph,ara-arq,0.9999560494459958
lre17_fuelrqpq.sph,ara-arq,0.998314155825479
lre17_fwyhddxz.sph,ara-arq,0.9999653658276243
lre17_fxhpiabv.flac-g722,ara-arq,0.9785533261819718
lre17_fyoimwzn.sph,ara-aeb,0.9933070038389972
lre17_fyousbwl.sph,ara-arq,0.9997738038053198
lre17_fzetpzrs.sph,ara-arq,0.9845858022736108
lre17_gbdwksrl.flac-opus,ara-ayl,0.9999810055915502
lre17_gbkeixqy.sph,ara-arq,0.9995010489207078
lre17_gbmrfptf.sph,ara-arq,0.9995997838188411
lre17_gcwvbecw.flac,ara-arq,0.9999989525506976
lre17_gcwvbecw.flac-g726,ara-arq,0.9999995241973817
lre17_gekpnsqw.flac,ara-arq,0.9995617602232915
lre17_gekpnsqw.flac-g711a,ara-arq,0.9990205101656683
lre17_gfmhcimo.flac,ara-arq,0.9843261830443644
lre17_gfmhcimo.flac-g711a,ara-arq,0.9920939572460264
lre17_giljetfl.sph,ara-arq,0.9998866157683133
lre17_givvturo.flac,ara-arq,0.9999960772188857
lre17_givvturo.flac-g722,ara-arq,0.9998983053609016
lre17_gkfwivzq.sph,ara-arq,0.9980134657798864
lre17_gokkodsj.flac-g722,ara-ayl,0.9962500403266442
lre17_gpvtlzov.flac-g711a,ara-arq,0.9999996204042616
lre17_gqcxwuze.sph,ara-arq,0.9997783053110009
lre17_gqpcfrwm.flac-g711mu,ara-arq,0.9817550583044142
lre17_grjpzakf.sph,ara-arq,0.9839396690676935
lre17_grjzqftr.sph,ara-arq,0.9877772556918923
lre17_gszgcsjf.sph,ara-arq,0.998185259970527
lre17_gvcqvsap.sph,ara-ayl,0.9997241868465031
lre17_gxvmjddr.sph,ara-arq,0.9986899594684224
lre17_hbopaybj.flac,ara-arq,0.987858946064221
lre17_hbopaybj.flac-g726,ara-arq,0.999994436902088
lre17_hchvsbqr.sph,ara-arq,0.999906917330984
lre17_hdofrwsf.sph,ara-arq,0.9933958450004624
lre17_heemkdqp.flac,ara-arq,0.9999909671052553
lre17_heemkdqp.flac-g711mu,ara-arq,0.9985133817101537
lre17_hezbzaqo.flac,ara-arq,0.9850199928962854
lre17_hezbzaqo.flac-opus,ara-arq,0.9999841295369671
lre17_hfcpmeoa.flac,ara-arq,0.9947181969213107
lre17_hfcpmeoa.flac-g711a,ara-arq,0.9999138159106336
lre17_hfjennzi.sph,ara-aeb,0.9983301362771589
lre17_hhbqfxfc.sph,ara-aeb,0.9906856058776015
lre17_hhdplflf.sph,ara-arq,0.9999949491011441
lre17_hjimhzob.sph,ara-arq,0.9983113233299764
lre17_hkeqbypc.flac,ara-arq,0.999999661618148
lre17_hkeqbypc.flac-gsm,ara-arq,0.9966513627962669
lre17_hlegmknx.sph,ara-arq,0.9999782289720263
lre17_hmmdberw.sph,ara-aeb,0.9998194744091253
lre17_hmptzweu.sph,ara-arq,0.9999971779992906
lre17_hmqodybe.sph,ara-ayl,0.999996399948908
lre17_hqrhzhyj.sph,ara-arq,0.9999231926652757
lre17_hqzkhrhn.sph,ara-arq,0.9998770075415304
lre17_hromittp.flac-g711a,ara-arq,0.9873451303247496
lre17_hsdzydln.flac,ara-arq,0.9821628698106489
lre17_hsdzydln.flac-g722,ara-arq,0.9988122191294789
lre17_hsyuvhtp.sph,ara-arq,0.9990478816052286
lre17_hvweyrfw.sph,ara-aeb,0.9988668377871749
lre17_hwnjyblc.sph,ara-arq,0.9999249104513325
lre17_hxpvwduf.flac-g711a,ara-aeb,0.9938488854312174
lre17_hyhwjuli.sph,ara-arq,0.998858421685253
lre17_hyreqvpy.flac,ara-arq,0.9878561156668769
lre17_hyreqvpy.flac-g711mu,ara-arq,0.9999928431157828
lre17_ibclsyjb.sph,ara-aeb,0.9846988495735338
lre17_ifdrxwfj.sph,ara-arq,0.9988623308711881
lre17_igayvnul.sph,ara-arq,0.9858583197264382
lre17_igvjetcy.sph,ara-arq,0.9997565397210374
lre17_igvlwujq.sph,ara-aeb,0.9942243168589683
lre17_iibcchiq.flac-gsm,ara-arq,0.9989051845669153
lre17_ilmlmyvv.sph,ara-aeb,0.9879290883225061
lre17_inhzmrxh.sph,ara-arq,0.9999602544207984
lre17_inufxzrc.sph,ara-arq,0.9997778215419035
lre17_iqtqtuvc.flac,ara-arq,0.999987834966952
lre17_iqtqtuvc.flac-opus,ara-arq,0.9817938892370449
lre17_itjgcxig.sph,ara-arq,0.999561265994042
lre17_itsqwgkz.sph,ara-arq,0.9999999957865953
lre17_ittvvvfb.sph,ara-arq,0.9999964209775712
lre17_ivcdeiky.flac,ara-arq,0.9873438502201111
lre17_iwtlmazd.sph,ara-arq,0.9873719419778358
lre17_ixbvjxte.sph,ara-arq,0.9997976143150719
lre17_iycttrsq.sph,ara-arq,0.987846742780538
lre17_iyqnjpod.sph,ara-arq,0.9936664779953471
lre17_izhxudfa.sph,ara-arq,0.9999249686091597
lre17_javisjpg.sph,ara-arq,0.9933263960275387
lre17_jclfqqom.sph,ara-arq,0.9996552571484193
lre17_jcperagi.sph,ara-arq,0.9999535310829344
lre17_jcueuvkk.sph,ara-arq,0.9998819304923648
lre17_jgqtrgqt.sph,ara-arq,0.9999823610331084
lre17_jgzyarns.sph,ara-arq,0.9999898713367306
lre17_jhjgasxv.sph,ara-aeb,0.9991139740455672
lre17_jhoqfjpk.flac,ara-arq,0.9999995523948527
lre17_jhoqfjpk.flac-g711a,ara-arq,0.9944430263756097
lre17_jiakkjtr.sph,ara-arq,0.9999993323735444
lre17_jilypibp.flac-gsm,ara-arq,0.9996434093761065
lre17_jiowcahg.sph,ara-arq,0.992648625274396
lre17_jlvgsuxh.sph,ara-aeb,0.9948123012485498
lre17_jlvtorab.sph,ara-arq,0.983513534636461
lre17_jmkuwbpc.sph,ara-arq,0.9994527050835158
lre17_jnipskqx.flac-g711mu,ara-arq,0.9999742870473751
lre17_jpeqxepv.sph,ara-aeb,0.9994104144919757
lre17_jpeyombi.sph,ara-arq,0.9999998044387237
lre17_jpjtuxvw.flac,ara-arq,0.9996847495267612
lre17_jqmoqqfm.flac,ara-arq,0.9999869216223071
lre17_jqmoqqfm.flac-g726,ara-arq,0.9999999894357187
lre17_jtdfvpln.sph,ara-arq,0.999997871153658
lre17_jtqoxxtm.sph,ara-aeb,0.9965086342211626
lre17_jvpfjwdp.flac,ara-ayl,0.9999999997451912
lre17_jvurmddm.flac,ara-arq,0.9987187046194855
lre17_jvurmddm.flac-gsm,ara-arq,0.9983730947085013
lre17_jwkybctt.sph,ara-arq,0.9999989593481196
lre17_jxcmtrxm.sph,ara-ayl,0.9996284167713838
lre17_jywavsuu.flac,ara-arq,0.9913930400541082
lre17_kaaesmko.flac,ara-arq,0.9999294732363818
lre17_kbmrgfwm.sph,ara-arq,0.9999528508197458
lre17_kbodxjcn.flac,ara-arq,0.9982992372902407
lre17_kcdcpzly.sph,ara-arq,0.9759220472115765
lre17_keetepyz.flac,ara-arq,0.9927333842986636
lre17_keetepyz.flac-g722,ara-arq,0.9999998412855006
lre17_kfmsssrs.sph,ara-arq,0.9997193659178423
lre17_kfsotues.sph,ara-arq,0.999998669422541
lre17_khygxcdj.sph,ara-arq,0.9868874065356342
lre17_kjtqnjgt.sph,ara-arq,0.9791232775307577
lre17_kkcxpjzr.flac,ara-arq,0.9999999887350973
lre17_kkcxpjzr.flac-g711a,ara-arq,0.9999944954328739
lre17_kmzwffxp.sph,ara-arq,0.9782750887595135
lre17_knkvczhw.flac-g722,ara-arq,0.9999106890724243
lre17_kpbzatbg.sph,ara-arq,0.9935992901995973
lre17_kpcquycc.sph,ara-arq,0.9988726069205118
lre17_kugvrfiw.sph,ara-arq,0.9986475838029554
lre17_kuzbruhc.sph,ara-arq,0.9998879396014413
lre17_kwvzftsa.sph,ara-arq,0.9906568648956764
lre17_kzutiwjm.sph,ara-arq,0.9883352489803169
lre17_larfsawf.sph,ara-arq,0.9833813699639339
lre17_lectmxiy.sph,ara-arq,0.9997601079206343
lre17_lfdmjqzk.sph,ara-arq,0.9997174449458649
lre17_lfqfgpty.flac,ara-arq,0.9877470265323836
lre17_lfqfgpty.flac-opus,ara-arq,0.9998989537391589
lre17_lgimdxjv.sph,ara-arq,0.9897020483952464
lre17_lgmtfuaf.sph,ara-arq,0.9997034751344174
lre17_lgzhdvir.flac,ara-arq,0.9999666603862899
lre17_lgzhdvir.flac-g723_1,ara-arq,0.9999814711501472
lre17_litfqatc.sph,ara-arq,0.9999697307957149
lre17_ljqkqvuk.sph,ara-arq,0.9931204062930487
lre17_lkeepofx.sph,ara-aeb,0.9815662246718163
lre17_lkvpiaco.flac-g711mu,ara-aeb,0.9894714726927342
lre17_llwfixbt.flac,ara-arq,0.9998571656021117
lre17_llwfixbt.flac-opus,ara-arq,0.9999840733365404
lre17_llxcpovx.sph,ara-arq,0.9999726611852431
lre17_lmtexhdt.sph,ara-arq,0.9955378310817409
lre17_lnlzbiqv.sph,ara-arq,0.9845486175862881
lre17_lnwqjgum.sph,ara-arq,0.9994084640832857
lre17_logsuwkc.sph,ara-ayl,0.9973010083242871
lre17_lpdrjcmf.sph,ara-arq,0.9999999987748978
lre17_lpnxjclp.sph,ara-arq,0.999990551187932
lre17_lpwlbnvd.sph,ara-aeb,0.9985688096228789
lre17_lqcxhbgx.flac,ara-aeb,0.9789437284063228
lre17_lqeynset.sph,ara-arq,0.9946714116424836
lre17_lqqtwkna.sph,ara-arq,0.9959561849558086
lre17_lrchzlnf.sph,ara-arq,0.9999964986490049
lre17_lriptaxa.sph,ara-arq,0.9999861992203515
lre17_lrmpuslv.sph,ara-arq,0.9999833158908321
lre17_lsglcrqu.sph,ara-arq,0.9994974702145716
lre17_ltobvlca.flac,ara-aeb,0.9998321920878662
lre17_ltobvlca.flac-g726,ara-arq,0.9808235035540288
lre17_lumlsydt.flac,ara-arq,0.9993847597571562
lre17_lvwbcjui.sph,ara-arq,0.9999990130410765
lre17_lwbqplua.flac,ara-arq,0.9985377563185653
lre17_lyvsulsp.sph,ara-arq,0.9996779798745427
lre17_lzzfbiwk.sph,ara-arq,0.9999780111773144
lre17_mazmicwf.flac,ara-arq,0.9761802678092957
lre17_mazmicwf.flac-g726,ara-arq,0.9999987851548972
lre17_mcchuzqa.flac,ara-arq,0.9994453172253329
lre17_mcchuzqa.flac-g726,ara-arq,0.9994722195518764
lre17_mhelcckx.sph,ara-aeb,0.9921911924278494
lre17_minmrdvv.flac,ara-arq,0.9999806822091847
lre17_minmrdvv.flac-g711mu,ara-arq,0.9999798110768492
lre17_miyeplrp.flac,ara-ayl,0.999967537246669
lre17_miyeplrp.flac-g722,ara-ayl,0.9999974966675732
lre17_mjkrjctc.sph,ara-arq,0.9996993211891599
lre17_mjuhytod.flac-g722,ara-aeb,0.9942683057158186
lre17_mjxevtqw.flac,ara-arq,0.9789540403486894
lre17_mllyvrkw.sph,ara-arq,0.9984655364684033
lre17_mneiaioi.sph,ara-aeb,0.985452121186191
lre17_mnoswtar.flac,ara-arq,0.9999465324732042
lre17_mnoswtar.flac-g722,ara-arq,0.9994314827928369
lre17_moihuogw.sph,ara-arq,0.9999981054273598
lre17_moohuqbu.flac-opus,ara-arq,0.9946789594259231
lre17_mpewcntj.sph,ara-arq,0.9999987697239342
lre17_mtyfveku.sph,ara-arq,0.9829721690668127
lre17_mvbpdkqz.sph,ara-ayl,0.9948321204607391
lre17_mxcghtfj.sph,ara-arq,0.9927362055311203
lre17_mxhoedfe.sph,ara-arq,0.9999999146737504
lre17_mxmdmamo.sph,ara-aeb,0.988517700201585
lre17_mxmjurdd.sph,ara-arq,0.9980132953988482
lre17_mzdpsrvs.sph,ara-aeb,0.992494003405007
lre17_mzsfsjad.sph,ara-aeb,0.99997586512649
lre17_naeguqak.sph,ara-arq,0.9999929946428248
lre17_nblzukhx.flac,ara-arq,0.9999359009222737
lre17_nblzukhx.flac-gsm,ara-arq,0.9999999966088737
lre17_ndkkdwgy.sph,ara-arq,0.9975163999653704
lre17_negphusk.sph,ara-arq,0.9998989889366274
lre17_nhdlsoit.sph,ara-arq,0.9916584056978099
lre17_njbwudbl.sph,ara-arq,0.999934592749547
lre17_njontgtu.sph,ara-arq,0.9794969009896114
lre17_nkgdldta.sph,ara-arq,0.9916521956821477
lre17_nkqygxxz.sph,ara-arq,0.9997656446176615
lre17_nocucjva.sph,ara-arq,0.9995204775364295
lre17_nojsrnhx.sph,ara-arq,0.999919125620621
lre17_nowvnwzc.sph,ara-arq,0.995585233402159
lre17_nqfliycm.sph,ara-arq,0.9999912069728009
lre17_nqkyimjt.sph,ara-arq,0.9881291130932576
lre17_nqxowwop.flac,ara-arq,0.9997443038852292
lre17_nqxowwop.flac-g723_1,ara-arq,0.9914457208775102
lre17_nrunzxja.flac,ara-arq,0.9993221612062564
lre17_nrunzxja.flac-g711mu,ara-arq,0.9999566225291738
lre17_nsiynodu.sph,ara-arq,0.9908214588078317
lre17_nssuzfbr.sph,ara-arq,0.9999396177844772
lre17_ntbrwymu.sph,ara-arq,0.9993012725372231
lre17_nuvzuxee.sph,ara-arq,0.9996041721916568
lre17_nvgpubxb.sph,ara-arq,0.9759857598176621
lre17_nxjuqezl.flac,ara-arq,0.9995754800524955
lre17_nxjuqezl.flac-gsm,ara-arq,0.9793987540104333
lre17_nxvquxsr.sph,ara-arq,0.9990399807148835
lre17_nzeyrrcl.sph,ara-arq,0.9999461953593082
lre17_nzmnjjpc.flac,ara-aeb,0.9847092271434903
lre17_obbtvsaj.flac-g711a,ara-arq,0.9999409869224803
lre17_obkyiehe.sph,ara-arq,0.9998679965082828
lre17_obrcwlmw.sph,ara-aeb,0.9998778475538475
lre17_ogwcxkjw.sph,ara-arq,0.9895315802827847
lre17_oireqedt.sph,ara-arq,0.9917281473076983
lre17_oirnebxz.flac,ara-arq,0.9967110495563957
lre17_oirnebxz.flac-opus,ara-aeb,0.9933118074655622
lre17_oiveluew.sph,ara-arq,0.9968284888503907
lre17_oizxklej.sph,ara-arq,0.9986908296100067
lre17_olqpjrwd.sph,ara-ayl,0.985872505893845
lre17_olwownje.sph,ara-arq,0.9999818242744661
lre17_onckhujt.sph,ara-aeb,0.9979436467237117
lre17_onknnaim.sph,ara-aeb,0.9987555260169619
lre17_opsncnkb.sph,ara-aeb,0.9997592175168953
lre17_opxoeses.flac-g711mu,ara-arq,0.9895267895164883
lre17_oqnuceey.flac,ara-arq,0.9818564260274837
lre17_oqnuceey.flac-opus,ara-arq,0.9960254767681471
lre17_orthumig.sph,ara-arq,0.9979787737264081
lre17_ouhrqmvj.sph,ara-arq,0.9999999735219096
lre17_oukunjzc.flac,ara-arq,0.9999998874015028
lre17_oukunjzc.flac-g722,ara-arq,0.9999998022867953
lre17_ouvsypqp.sph,ara-arq,0.9999862194709894
lre17_ownmyzum.sph,ara-arq,0.9983899224785795
lre17_owxndsay.sph,ara-arq,0.9991660737491793
lre17_oxoeettt.sph,ara-aeb,0.994764323060291
lre17_oxvlijdf.sph,ara-arq,0.9980756971870425
lre17_oylngzoh.sph,ara-arq,0.9999772205491734
lre17_pbmuxcky.flac,ara-arq,0.9980374961356401
lre17_pbmuxcky.flac-opus,ara-arq,0.9999987347640981
lre17_pdcigndc.sph,ara-arq,0.9956870254382242
lre17_pfcsmyfp.flac,ara-arq,0.999994210275427
lre17_pfcsmyfp.flac-opus,ara-arq,0.9995142367581035
lre17_pfecwivw.flac,ara-arq,0.997995447936321
lre17_pfecwivw.flac-gsm,ara-arq,0.979556413285578
lre17_pfenqxed.sph,ara-arq,0.9935592984355501
lre17_pgqzdpfq.sph,ara-arq,0.9987770018281733
lre17_phvwlddn.sph,ara-arq,0.9996126414779914
lre17_piiiaqsg.sph,ara-arq,0.9883006332201746
lre17_piixpsbr.flac,ara-arq,0.9999739707108446
lre17_piixpsbr.flac-g722,ara-arq,0.9996474019470863
lre17_pixqbtbm.flac,ara-arq,0.9949782923210799
lre17_pixqbtbm.flac-g726,ara-ayl,0.9966265706203424
lre17_pjfvtjab.sph,ara-arq,0.999885331527543
lre17_pklmiexr.sph,ara-arq,0.9992720760130763
lre17_pnlxhqnm.sph,ara-ayl,0.9999929993566911
lre17_pnrhsfou.flac-g722,ara-arq,0.9999640996706576
lre17_pnwenjwm.sph,ara-arq,0.9960418034539658
lre17_poheolla.sph,ara-aeb,0.9985638045139876
lre17_poysotsv.sph,ara-aeb,0.9856503882631178
lre17_ppvtutvt.sph,ara-arq,0.9998354077570467
lre17_pqawpvfb.flac,ara-arq,0.9950780853489194
lre17_pqawpvfb.flac-g711a,ara-arq,0.9994370686040279
lre17_pqwwzwxo.sph,ara-arq,0.999990243213515
lre17_psacvdup.flac,ara-arq,0.9999630353117823
lre17_psacvdup.flac-opus,ara-arq,0.9994055674097663
lre17_pslkpzhl.sph,ara-arq,0.9997159742438066
lre17_pufnzdvd.flac,ara-arq,0.9997950371376702
lre17_pufnzdvd.flac-gsm,ara-arq,0.9999959634431062
lre17_pujabbev.sph,ara-arq,0.9994079718102534
lre17_pvfvlhsq.flac,ara-aeb,0.9999713112925558
lre17_pvfvlhsq.flac-gsm,ara-arq,0.9999254611931253
lre17_pwhqsovd.sph,ara-arq,0.9917133657396171
lre17_pxekbodb.sph,ara-arq,0.9984745978775882
lre17_qdwsexfm.sph,ara-arq,0.9999974580577462
lre17_qhiyavse.sph,ara-arq,0.9912788455576231
lre17_qivtcmgk.sph,ara-arq,0.9836174820047392
lre17_qjitoyxc.sph,ara-arq,0.9999874042742806
lre17_qkxouubm.sph,ara-arq,0.9998872491727429
lre17_qljscllj.sph,ara-aeb,0.9979913152483216
lre17_qlzldcpe.sph,ara-aeb,0.997053186781475
lre17_qmcrgdzz.sph,ara-arq,0.9996004571017476
lre17_qmjbylrs.flac,ara-arq,0.9999120076761361
lre17_qmjbylrs.flac-g723_1,ara-arq,0.9942971237057362
lre17_qmjpvlvg.sph,ara-arq,0.9998030655795183
lre17_qogybjhz.sph,ara-arq,0.9994621165166646
lre17_qpntxzjb.sph,ara-aeb,0.9957626204201693
lre17_qpredbkv.sph,ara-arq,0.9990911968221025
lre17_qrbdlmjx.sph,ara-arq,0.9999999999999865
lre17_qrcvlqts.sph,ara-arq,0.9767514676069964
lre17_qscgrzxe.flac,ara-arq,0.9998709648180928
lre17_qsewfkyh.sph,ara-arq,0.9999999864987743
lre17_qstdyztt.flac-g711mu,ara-arq,0.9999759932517555
lre17_qszrgiyz.sph,ara-arq,0.9999496361715189
lre17_qtaulytr.sph,ara-arq,0.9770776315818761
lre17_qudalolg.sph,ara-arq,0.998897750323492
lre17_qufteqvo.sph,ara-aeb,0.992027129263138
lre17_qwiyjayz.sph,ara-arq,0.9995498080059056
lre17_qwvrxfzu.sph,ara-arq,0.9988604816072997
lre17_qyiarywg.flac,ara-arq,0.9999605279920688
lre17_qyiarywg.flac-g723_1,ara-arq,0.9999999619112184
lre17_qyzhxzvj.sph,ara-arq,0.9759510962602079
lre17_rajrtwbo.sph,ara-aeb,0.9999999999944702
lre17_rcryqfgn.sph,ara-arq,0.9972776568740012
lre17_rcueudci.flac,ara-arq,0.9988837735514282
lre17_rcueudci.flac-gsm,ara-arq,0.9999697760125505
lre17_reicsaat.sph,ara-arq,0.9997754476127328
lre17_reyualuk.flac,ara-arq,0.9992844879623304
lre17_rfwyqutk.sph,ara-arq,0.9997722244477082
lre17_rggtfbrd.sph,ara-aeb,0.9931773563621665
lre17_rhepwrug.sph,ara-arq,0.9998787750778266
lre17_rkocbhzs.sph,ara-arq,0.9960601282813184
lre17_rlcyzlcy.sph,ara-arq,0.9994472570443922
lre17_rlpbjbed.sph,ara-arq,0.9942325885969098
lre17_rlqkwaeh.sph,ara-arq,0.9953431894962037
lre17_rnveyooi.sph,ara-ayl,0.9996778752622651
lre17_rnvyrkwg.flac-g723_1,ara-arq,0.9853171747622366
lre17_rqacreai.sph,ara-arq,0.999207518939918
lre17_rqlzthlg.sph,ara-aeb,0.989048786309874
lre17_ruzqcwpn.sph,ara-arq,0.9999863065050799
lre17_rwvdctfg.flac,ara-aeb,0.9815766373873294
lre17_rynppewk.flac,ara-arq,0.9999708695439152
lre17_rypzhghv.flac,ara-arq,0.9947011510267938
lre17_rypzhghv.flac-g711a,ara-arq,0.9847132293141271
lre17_sagynpjo.sph,ara-arq,0.999744534125517
lre17_sbxerjvo.sph,ara-arq,0.999987473908599
lre17_scfolxob.flac,ara-arq,0.9999713591244429
lre17_serpsscu.flac,ara-arq,0.9793042704401821
lre17_serpsscu.flac-g723_1,ara-arq,0.9999130486126522
lre17_sffusbzg.sph,ara-arq,0.9999268097555194
lre17_sfjwayps.flac,ara-ayl,0.9946715937173086
lre17_sfjwayps.flac-g726,ara-arq,0.9982714238405073
lre17_sgkgyjvk.flac,ara-arq,0.9995433812540649
lre17_sgkgyjvk.flac-gsm,ara-arq,0.9996437880979923
lre17_sjnfbigi.sph,ara-arq,0.99999366855751
lre17_skdclppi.sph,ara-arq,0.9889180838738156
lre17_smjdgznr.flac,ara-aeb,0.9964248254318828
lre17_snfzxijz.sph,ara-ayl,0.9827938327458273
lre17_sofspqyi.sph,ara-arq,0.9999994382673698
lre17_sqoxhftl.sph,ara-arq,0.9996790538981134
lre17_stbhhhou.sph,ara-arq,0.9945710415211226
lre17_stpksvvi.sph,ara-aeb,0.996004757361174
lre17_stxkelkq.sph,ara-ayl,0.9752463023195366
lre17_suqttdyg.sph,ara-arq,0.997742051798683
lre17_susdosey.sph,ara-arq,0.9977231084345539
lre17_suvxbjhl.sph,ara-arq,0.9986381780682658
lre17_svetuuie.sph,ara-arq,0.9998479453288084
lre17_svzozbfk.sph,ara-arq,0.9998881824847226
lre17_swgrlydv.sph,ara-arq,0.9990560832648376
lre17_sxgfwork.sph,ara-arq,0.9999763564539524
lre17_syatmwze.sph,ara-arq,0.9848649335693501
lre17_syxmxolu.sph,ara-aeb,0.9867936744030255
lre17_tbbuisna.sph,ara-arq,0.9999805669714006
lre17_tbplljcp.flac,ara-arq,0.9998129818454303
lre17_tbplljcp.flac-gsm,ara-arq,0.9999999839340195
lre17_tcmjqsvf.sph,ara-arq,0.9936464811055075
lre17_tcvunuvp.sph,ara-aeb,0.9946331881971427
lre17_tduxpzqq.sph,ara-aeb,0.9996190225252365
lre17_teyvymzd.flac-g711mu,ara-ayl,0.9787413632582724
lre17_tfngvqdf.flac,ara-arq,0.999990203549186
lre17_tfngvqdf.flac-g726,ara-arq,0.9983466771871533
lre17_tforvtmc.sph,ara-arq,0.9935448102639823
lre17_tfxmolis.sph,ara-arq,0.9998286292942293
lre17_thjcyqwr.flac,ara-arq,0.9994467118163807
lre17_thjcyqwr.flac-opus,ara-arq,0.9976422823383214
lre17_thxeccdu.sph,ara-arq,0.9998750920305819
lre17_ticjhhbi.sph,ara-arq,0.9794445128724558
lre17_tjcshvrl.sph,ara-arq,0.9999926102290503
lre17_tjremugr.sph,ara-arq,0.9999991435250514
lre17_tlutsejs.sph,ara-arq,0.9988207070133517
lre17_tnrvafxe.sph,ara-arq,0.9944573271724075
lre17_tnxtgdnc.sph,ara-aeb,0.9942622096810594
lre17_tolpbvsc.flac,ara-arq,0.9999996570853448
lre17_tolpbvsc.flac-g711mu,ara-arq,0.9999930938174156
lre17_totoyxhm.sph,ara-arq,0.999996710305506
lre17_tqkpkxgu.sph,ara-arq,0.9999960590328173
lre17_tqmnzgyb.sph,ara-arq,0.9999682738390965
lre17_tsppppzj.sph,ara-arq,0.9999889892476231
lre17_tssmuwge.sph,ara-arq,0.9993471439476459
lre17_ttkmfmkk.sph,ara-arq,0.9961646913300042
lre17_ttvvzlvt.sph,ara-arq,0.9945500617775027
lre17_twkrspxj.flac-g711mu,ara-arq,0.9970066534454132
lre17_tyqxhlrh.sph,ara-arq,0.9947460028171129
lre17_tzwuzntv.flac,ara-arq,0.9999848694087901
lre17_tzwuzntv.flac-g711a,ara-arq,0.9999999505751382
lre17_uawwqpsa.sph,ara-arq,0.9857085643990153
lre17_ubnnanex.sph,ara-arq,0.9999993559208963
lre17_ucfvsgyr.flac,ara-arq,0.9961772950424368
lre17_ucfvsgyr.flac-g711mu,ara-arq,0.9999597640499912
lre17_ufifckts.flac-gsm,ara-ayl,0.9928071586629514
lre17_uiyescxr.sph,ara-arq,0.9997891506043249
lre17_ukkxkxxt.sph,ara-aeb,0.9935449493739165
lre17_umissmzv.sph,ara-arq,0.9990005119204275
lre17_unxhwqmy.flac,ara-aeb,0.9963270393303603
lre17_upseluva.sph,ara-arq,0.9909948021770557
lre17_upvapoke.sph,ara-arq,0.9930629481999376
lre17_uqtiiong.sph,ara-arq,0.9999999685612003
lre17_usdeaflg.sph,ara-arq,0.9857851998633298
lre17_uszjbbko.sph,ara-arq,0.9999941374675029
lre17_utjkjjcn.sph,ara-arq,0.9979757853366961
lre17_utooogzo.sph,ara-ayl,0.9959130999661093
lre17_uwescwtn.sph,ara-arq,0.9999992993153919
lre17_uwldzayo.sph,ara-arq,0.9999916059792026
lre17_uwuytsxe.sph,ara-arq,0.9947486052008054
lre17_uzxmtvue.sph,ara-arq,0.9968064808522498
lre17_vaugwmvv.sph,ara-arq,0.9994338833370221
lre17_vbgmqfuo.flac,ara-arq,0.980847451266026
lre17_vbjsoyeh.sph,ara-arq,0.9999116642269064
lre17_vcksyiuy.flac-g711a,ara-aeb,0.9835977136688748
lre17_vgxwjuno.sph,ara-arq,0.999983609611863
lre17_vingckxa.flac,ara-arq,0.9986237456025335
lre17_vjffccpz.sph,ara-arq,0.9999954081046549
lre17_vjfjqitw.flac-gsm,ara-arq,0.9994035904368442
lre17_vjtprfjw.flac,ara-ayl,0.9964430683674823
lre17_vjtprfjw.flac-g726,ara-arq,0.9805106671407414
lre17_vjvrlhfs.sph,ara-arq,0.9833183398241712
lre17_vkqxvmtc.sph,ara-arq,0.9994368014427134
lre17_vmssxzzd.sph,ara-arq,0.9996477418713372
lre17_vndndpzq.sph,ara-arq,0.9791108970484209
lre17_vnlvmhpc.flac-g711mu,ara-arq,0.9999365684834217
lre17_vnxwpwge.sph,ara-aeb,0.9986622760430225
lre17_vovpsxcd.sph,ara-arq,0.9998378398538086
lre17_vpossvdt.flac-g711a,ara-arq,0.9999460791991176
lre17_vrejajcm.sph,ara-arq,0.9776138943860346
lre17_vswsposp.sph,ara-arq,0.9994020716061514
lre17_vtigorkv.sph,ara-arq,0.9999623163215805
lre17_vtkffspm.flac,ara-arq,0.9997898857084506
lre17_vuznysrk.flac-g711mu,ara-arq,0.9979511877631668
lre17_vvyqmniq.sph,ara-arq,0.9999515987872877
lre17_vwijmoke.sph,ara-arq,0.9989975351908933
lre17_vynkvprp.sph,ara-arq,0.9999845129327151
lre17_wagzvxqz.sph,ara-arq,0.9973278031174633
lre17_wahbanqs.sph,ara-arq,0.9998842310344779
lre17_wairvblk.sph,ara-arq,0.9987016619787147
lre17_wesfzmws.sph,ara-arq,0.9908093051797177
lre17_wfvvkjuv.sph,ara-arq,0.999944678936039
lre17_wggunlcp.sph,ara-arq,0.9996749635832616
lre17_wgnbrmfd.sph,ara-aeb,0.980616930826586
lre17_whjqstnl.sph,ara-ayl,0.999979615699586
lre17_whqbhubs.sph,ara-arq,0.9898499177391032
lre17_widuepdg.sph,ara-aeb,0.9817918573044054
lre17_wkhkxpmr.sph,ara-ayl,0.9998286566004881
lre17_wmtiighi.sph,ara-arq,0.987786199224793
lre17_wnevoywa.sph,ara-arq,0.9999869741085323
lre17_woccwvjw.sph,ara-arq,0.9999711680680078
lre17_wrwmvkyy.sph,ara-arq,0.9999793167856921
lre17_wryaaaay.sph,ara-arq,0.9791656416113507
lre17_wtkatcwm.sph,ara-arq,0.9850427630920813
lre17_wvgqdrqk.sph,ara-arq,0.9791490717212691
lre17_wvyabqbx.sph,ara-arq,0.9990947686607856
lre17_wwypkyea.sph,ara-aeb,0.9892611131137926
lre17_wxaxnvpq.sph,ara-arq,0.996190338175843
lre17_wxirsbfe.sph,ara-arq,0.9998855761433262
lre17_wxwauidm.sph,ara-arq,0.9899615630910984
lre17_wyjetcgf.sph,ara-arq,0.9999367576307792
lre17_xaowthgy.sph,ara-arq,0.9983944376668455
lre17_xdcmpfbl.sph,ara-arq,0.9914795091793974
lre17_xdhrhgmk.flac,ara-arq,0.9999939811339105
lre17_xdhrhgmk.flac-opus,ara-arq,0.9999380489585059
lre17_xepisjpn.sph,ara-arq,0.998123428276411
lre17_xhpkbvei.sph,ara-aeb,0.9896471029490118
lre17_xhqfsfkf.sph,ara-arq,0.9999985545272336
lre17_xkayfgzq.sph,ara-arq,0.9985227970239359
lre17_xllwincb.sph,ara-arq,0.9999999189534862
lre17_xlqqxoym.sph,ara-arq,0.9999541071953805
lre17_xmvmloxn.flac,ara-arq,0.9827789901954631
lre17_xmvmloxn.flac-g723_1,ara-arq,0.9998467402490113
lre17_xnyjhsyy.sph,ara-arq,0.9999956069402056
lre17_xovcjkso.sph,ara-aeb,0.9920305514596128
lre17_xroveufz.sph,ara-aeb,0.9993682416393447
lre17_xskjgkzq.sph,ara-arq,0.9970587807073615
lre17_xsuhxjmz.sph,ara-arq,0.9999908698954791
lre17_xtwbrgfu.sph,ara-aeb,0.9964922765834566
lre17_xujatdxg.sph,ara-arq,0.9999544795771792
lre17_xviuupwl.sph,ara-arq,0.9999998045117351
lre17_xvxlncwz.sph,ara-arq,0.9999098345731946
lre17_xyyhmsku.flac,ara-arq,0.998537851661698
lre17_ybtygbuu.sph,ara-arq,0.9999292474625724
lre17_yctdihii.sph,ara-arq,0.999999574179243
lre17_ydmmannh.flac,ara-arq,0.9983920334462054
lre17_ydmmannh.flac-g723_1,ara-arq,0.9995348938940224
lre17_yekpxxwc.flac,ara-arq,0.9988877246272224
lre17_yekpxxwc.flac-g711mu,ara-aeb,0.9923589185563311
lre17_ygndvzfp.sph,ara-arq,0.9999911328372215
lre17_yhjzokrv.sph,ara-arq,0.9958319219062072
lre17_yilroulj.flac-g711a,ara-aeb,0.9795574945355306
lre17_yivtnzkg.sph,ara-arq,0.9999715099952994
lre17_yjoblztq.flac,ara-arq,0.9999973207194949
lre17_yjoblztq.flac-opus,ara-arq,0.9998238058972634
lre17_ykxiohej.sph,ara-arq,0.9990315895452987
lre17_ylsidleu.flac-g711a,ara-arq,0.9984473055243461
lre17_yltydxpy.sph,ara-arq,0.9956478528044228
lre17_yownwnlt.flac,ara-arq,0.9998812691288554
lre17_yownwnlt.flac-g722,ara-arq,0.9916894249368101
lre17_ypetotbw.flac,ara-arq,0.9999949516854025
lre17_ypetotbw.flac-gsm,ara-aeb,0.9972546803878858
lre17_yqgdczse.flac,ara-arq,0.9930023849936759
lre17_yqhtqtnl.flac,ara-arq,0.9993399870284819
lre17_yqhtqtnl.flac-opus,ara-arq,0.9998349097677763
lre17_yrzjdbif.sph,ara-aeb,0.9999958037591928
lre17_ysadxqiw.sph,ara-arq,0.9999106154927021
lre17_ysdzkrmo.flac-g711a,ara-arq,0.9974528853995988
lre17_ytgfvwpa.flac,ara-arq,0.9998217502864875
lre17_ytgfvwpa.flac-opus,ara-arq,0.9998524581773589
lre17_yuduwhrd.flac,ara-arq,0.9955028997292512
lre17_yuoequzk.sph,ara-arq,0.9999099394309094
lre17_yuxtqtbd.sph,ara-arq,0.9999994359070692
lre17_yvybpria.sph,ara-arq,0.9973286645664943
lre17_ywssuzqt.sph,ara-arq,0.9999990761916652
lre17_yygbpsdg.sph,ara-arq,0.9999490833528133
lre17_yynyldnq.sph,ara-arq,0.9999228504305794
lre17_yzbbhyzt.sph,ara-arq,0.9993694348705324
lre17_yzjlvluy.sph,ara-arq,0.9996272929446929
lre17_zaopfwhd.flac,ara-arq,0.9904595900538987
lre17_zarwpotk.sph,ara-arq,0.9999289722738884
lre17_zbolnsoz.sph,ara-arq,0.9999999973417777
lre17_zcjklnfe.sph,ara-arq,0.9996813639473103
lre17_zcxzxqos.sph,ara-arq,0.9999489746159186
lre17_zdhatipt.flac,ara-ayl,0.9990280980242568
lre17_zdhatipt.flac-g726,ara-aeb,0.9996834792362927
lre17_zfajxywc.sph,ara-arq,0.9999934420544287
lre17_zgdxpveq.flac-g711a,ara-arq,0.9999999408428903
lre17_zgiksrvx.flac-g711mu,ara-arq,0.9993189757834657
lre17_zhdbyfcw.sph,ara-arq,0.9997585048527508
lre17_zhdfyrxw.sph,ara-arq,0.999148999070484
lre17_zilbjisa.flac,ara-ayl,0.9999999857011468
lre17_zilbjisa.flac-gsm,ara-ayl,0.9998704515922084
lre17_zkdjfgbp.sph,ara-aeb,0.9951005308493373
lre17_zmebjusq.sph,ara-arq,0.9993030221446528
lre17_zmodeuem.sph,ara-arq,0.9999743212165114
lre17_zmyziuxc.flac,ara-aeb,0.9999827977872252
lre17_zmyziuxc.flac-g711a,ara-aeb,0.9950355679983685
lre17_zpjrydvx.sph,ara-aeb,0.9994743369849513
lre17_zrnsvuzf.sph,ara-arq,0.994174882388934
lre17_zruejjuh.flac,ara-arq,0.9992671462220715
lre17_zsrybjvn.sph,ara-arq,0.9993004483160852
lre17_zvvdwwpv.flac,ara-aeb,0.9997026564129534
lre17_zvvdwwpv.flac-g726,ara-aeb,0.9999912235110034
lre17_zzkdjfea.sph,ara-arq,0.9842091321709953
